<?xml version="1.0" encoding="UTF-8"?>
<project-private xmlns="http://www.netbeans.org/ns/project-private/1">
    <editor-bookmarks xmlns="http://www.netbeans.org/ns/editor-bookmarks/2" lastBookmarkId="0"/>
    <open-files xmlns="http://www.netbeans.org/ns/projectui-open-files/2">
        <group>
            <file>file:/D:/Orlando%20Vasquez/Javeriana/Programacion%20Avanzada/202310/Ejercicios/Java%2006%20Herencia/Herencia%20y%20Polimorfismo/src/abstractas/Carro.java</file>
            <file>file:/D:/Orlando%20Vasquez/Javeriana/Programacion%20Avanzada/202310/Ejercicios/Java%2006%20Herencia/Herencia%20y%20Polimorfismo/src/abstractas/geometria/MainFigura.java</file>
            <file>file:/D:/Orlando%20Vasquez/Javeriana/Programacion%20Avanzada/202310/Ejercicios/Java%2006%20Herencia/Herencia%20y%20Polimorfismo/src/demo/Cat.java</file>
            <file>file:/D:/Orlando%20Vasquez/Javeriana/Programacion%20Avanzada/202310/Ejercicios/Java%2006%20Herencia/Herencia%20y%20Polimorfismo/src/abstractas/geometria/Circulo.java</file>
            <file>file:/D:/Orlando%20Vasquez/Javeriana/Programacion%20Avanzada/202310/Ejercicios/Java%2006%20Herencia/Herencia%20y%20Polimorfismo/src/herencia/Ave2.java</file>
            <file>file:/D:/Orlando%20Vasquez/Javeriana/Programacion%20Avanzada/202310/Ejercicios/Java%2006%20Herencia/Herencia%20y%20Polimorfismo/src/abstractas/geometria/Figura.java</file>
            <file>file:/D:/Orlando%20Vasquez/Javeriana/Programacion%20Avanzada/202310/Ejercicios/Java%2006%20Herencia/Herencia%20y%20Polimorfismo/src/herencia/Reptil.java</file>
            <file>file:/D:/Orlando%20Vasquez/Javeriana/Programacion%20Avanzada/202310/Ejercicios/Java%2006%20Herencia/Herencia%20y%20Polimorfismo/src/herencia/MainPolimorfismo.java</file>
            <file>file:/D:/Orlando%20Vasquez/Javeriana/Programacion%20Avanzada/202310/Ejercicios/Java%2006%20Herencia/Herencia%20y%20Polimorfismo/src/herencia/MainHerencia.java</file>
            <file>file:/D:/Orlando%20Vasquez/Javeriana/Programacion%20Avanzada/202310/Ejercicios/Java%2006%20Herencia/Herencia%20y%20Polimorfismo/src/herencia/Mamifero.java</file>
            <file>file:/D:/Orlando%20Vasquez/Javeriana/Programacion%20Avanzada/202310/Ejercicios/Java%2006%20Herencia/Herencia%20y%20Polimorfismo/src/herencia/Animal.java</file>
            <file>file:/D:/Orlando%20Vasquez/Javeriana/Programacion%20Avanzada/202310/Ejercicios/Java%2006%20Herencia/Herencia%20y%20Polimorfismo/src/demo/Animal.java</file>
            <file>file:/D:/Orlando%20Vasquez/Javeriana/Programacion%20Avanzada/202310/Ejercicios/Java%2006%20Herencia/Herencia%20y%20Polimorfismo/src/herencia/Ave.java</file>
            <file>file:/D:/Orlando%20Vasquez/Javeriana/Programacion%20Avanzada/202310/Ejercicios/Java%2006%20Herencia/Herencia%20y%20Polimorfismo/src/abstractas/geometria/Cuadrado.java</file>
            <file>file:/D:/Orlando%20Vasquez/Javeriana/Programacion%20Avanzada/202310/Ejercicios/Java%2006%20Herencia/Herencia%20y%20Polimorfismo/src/abstractas/Main.java</file>
            <file>file:/D:/Orlando%20Vasquez/Javeriana/Programacion%20Avanzada/202310/Ejercicios/Java%2006%20Herencia/Herencia%20y%20Polimorfismo/src/animales/Main3.java</file>
            <file>file:/D:/Orlando%20Vasquez/Javeriana/Programacion%20Avanzada/202310/Ejercicios/Java%2006%20Herencia/Herencia%20y%20Polimorfismo/src/abstractas/Vehiculo.java</file>
        </group>
    </open-files>
</project-private>
